name,,
Cloverleaf,9.073437254,12.99060521
SDP17b,9.303258077,13.20411998
SPT0125-47,9.435010397,13.62324929
G15v2.235,9.205915893,13.1931246
G09v1.124,9.465248373,13.68124124
PLCK_G231.3,8.643440234,12.97772361
Arp220,9.245267547,12.37303805
Mrk231,9.379636103,12.61303805
NGC1614,8.450118741,11.67303805
NGC2146,7.437212845,11.24303805
NGC6240,8.88897913,11.93303805
NGC3256,8.283842413,11.76303805
NGC7130,8.38247381,11.50303805
NGC7469,8.739066188,11.65303805
NGC1808,7.887527052,10.72303805
